{
  "episode_id": 7,
  "instruction": "grasp the yellow cylinder",
  "task_type": "grasp",
  "goal_xy": [
    0.030195564475780035,
    0.17074058203519635
  ],
  "box_init_xy": [
    0.030195564475780035,
    0.17074058203519635
  ],
  "box_init_yaw": 0.024079295743080764,
  "success": true,
  "steps": [
    {
      "t": 0,
      "image_file": "frame_000000.png",
      "joint_angles": [
        0.0002664912600440351,
        -0.1752888311546251,
        -2.443966247067884,
        1.0470999181604346
      ],
      "gripper_state": 0.1570095369506801,
      "object_pose": [
        0.030195564031600952,
        0.17074057459831238,
        0.009856580756604671,
        0.024079294875264168
      ],
      "ee_pose": [
        -1.829577118880362e-05,
        0.06733059676389219,
        0.09254507707408174
      ],
      "action": [
        0.030195564475780035,
        0.17074058203519635,
        0.1,
        0.0
      ],
      "is_first": true,
      "is_last": false
    },
    {
      "t": 1,
      "image_file": "frame_000001.png",
      "joint_angles": [
        -0.07626642017295365,
        -0.20153282390843985,
        -2.412999143495925,
        1.041380009327028
      ],
      "gripper_state": 0.15700360261335605,
      "object_pose": [
        0.030195564031600952,
        0.17074057459831238,
        0.009976991452276707,
        0.024079294875264168
      ],
      "ee_pose": [
        0.005342496063468476,
        0.07010287230223372,
        0.09228845811662767
      ],
      "action": [
        0.030195564475780035,
        0.17074058203519635,
        0.1,
        0.0
      ],
      "is_first": false,
      "is_last": false
    },
    {
      "t": 2,
      "image_file": "frame_000002.png",
      "joint_angles": [
        -0.1390389383114142,
        -0.23039832250493486,
        -2.347591777206888,
        1.0040536303343657
      ],
      "gripper_state": 0.15700312714679193,
      "object_pose": [
        0.030195564031600952,
        0.17074057459831238,
        0.009977083653211594,
        0.024079294875264168
      ],
      "ee_pose": [
        0.010561772650945432,
        0.0755151912896342,
        0.09356344309725259
      ],
      "action": [
        0.030195564475780035,
        0.17074058203519635,
        0.1,
        0.0
      ],
      "is_first": false,
      "is_last": false
    },
    {
      "t": 3,
      "image_file": "frame_000003.png",
      "joint_angles": [
        -0.1619388772144622,
        -0.2518195445472386,
        -2.2972619055801613,
        0.9745120947178479
      ],
      "gripper_state": 0.15700437642311832,
      "object_pose": [
        0.030195564031600952,
        0.17074057459831238,
        0.009977083653211594,
        0.024079294875264168
      ],
      "ee_pose": [
        0.013017700529518124,
        0.07969822075300093,
        0.0946315930645477
      ],
      "action": [
        0.030195564475780035,
        0.17074058203519635,
        0.1,
        0.0
      ],
      "is_first": false,
      "is_last": false
    },
    {
      "t": 4,
      "image_file": "frame_000004.png",
      "joint_angles": [
        -0.17027977626000906,
        -0.26772049176508567,
        -2.259997533808331,
        0.9526290996727136
      ],
      "gripper_state": 0.15700518782680759,
      "object_pose": [
        0.030195564031600952,
        0.17074057459831238,
        0.009977083653211594,
        0.024079294875264168
      ],
      "ee_pose": [
        0.014242192021731197,
        0.08283711810968239,
        0.09543515720599716
      ],
      "action": [
        0.030195564475780035,
        0.17074058203519635,
        0.1,
        0.0
      ],
      "is_first": false,
      "is_last": false
    },
    {
      "t": 5,
      "image_file": "frame_000005.png",
      "joint_angles": [
        -0.17331396147196126,
        -0.2795238085757456,
        -2.232406199151331,
        0.9364191899681765
      ],
      "gripper_state": 0.1570058203331499,
      "object_pose": [
        0.030195564031600952,
        0.17074057459831238,
        0.009977083653211594,
        0.024079294875264168
      ],
      "ee_pose": [
        0.014911503135896727,
        0.08517845168654223,
        0.09603590958266327
      ],
      "action": [
        0.030195564475780035,
        0.17074058203519635,
        0.1,
        0.0
      ],
      "is_first": false,
      "is_last": false
    },
    {
      "t": 6,
      "image_file": "frame_000006.png",
      "joint_angles": [
        -0.1744162935409139,
        -0.2882853939391068,
        -2.2119767169349775,
        0.9244116368105882
      ],
      "gripper_state": 0.15700630302622914,
      "object_pose": [
        0.030195564031600952,
        0.17074057459831238,
        0.009977083653211594,
        0.024079294875264168
      ],
      "ee_pose": [
        0.015314669920585257,
        0.08691612902632288,
        0.09648314833424981
      ],
      "action": [
        0.030195564475780035,
        0.17074058203519635,
        0.1,
        0.0
      ],
      "is_first": false,
      "is_last": false
    },
    {
      "t": 7,
      "image_file": "frame_000007.png",
      "joint_angles": [
        -0.1748161282001082,
        -0.2947890508781331,
        -2.1968499680671485,
        0.9155169942938826
      ],
      "gripper_state": 0.15700666077040173,
      "object_pose": [
        0.030195564031600952,
        0.17074057459831238,
        0.009977083653211594,
        0.024079294875264168
      ],
      "ee_pose": [
        0.015577762546513264,
        0.08820247708543563,
        0.09681513861456413
      ],
      "action": [
        0.030195564475780035,
        0.17074058203519635,
        0.1,
        0.0
      ],
      "is_first": false,
      "is_last": false
    },
    {
      "t": 8,
      "image_file": "frame_000008.png",
      "joint_angles": [
        -0.17496078912472623,
        -0.29961662250452953,
        -2.1856494970028386,
        0.9089282520854092
      ],
      "gripper_state": 0.15700692150836573,
      "object_pose": [
        0.030195564031600952,
        0.17074057459831238,
        0.009977083653211594,
        0.024079294875264168
      ],
      "ee_pose": [
        0.015759099557375176,
        0.08915376526244839,
        0.0970610814643066
      ],
      "action": [
        0.030195564475780035,
        0.17074058203519635,
        0.02,
        0.0
      ],
      "is_first": false,
      "is_last": false
    },
    {
      "t": 9,
      "image_file": "frame_000009.png",
      "joint_angles": [
        -0.17497613449488145,
        -0.33452115898003104,
        -2.1464774927555066,
        0.9045216283481954
      ],
      "gripper_state": 0.1570042801673756,
      "object_pose": [
        0.030195564031600952,
        0.17074057459831238,
        0.009977083653211594,
        0.024079294875264168
      ],
      "ee_pose": [
        0.016394855146203414,
        0.09274204278965203,
        0.09623863105955856
      ],
      "action": [
        0.030195564475780035,
        0.17074058203519635,
        0.02,
        0.0
      ],
      "is_first": false,
      "is_last": false
    },
    {
      "t": 10,
      "image_file": "frame_000010.png",
      "joint_angles": [
        -0.17501067536550866,
        -0.4200516240333046,
        -2.095620991364383,
        0.9391022026532888
      ],
      "gripper_state": 0.15700273051130414,
      "object_pose": [
        0.030195564031600952,
        0.17074057459831238,
        0.009977083653211594,
        0.024079294875264168
      ],
      "ee_pose": [
        0.017299340917821173,
        0.09783863798503518,
        0.09101989952520477
      ],
      "action": [
        0.030195564475780035,
        0.17074058203519635,
        0.02,
        0.0
      ],
      "is_first": false,
      "is_last": false
    },
    {
      "t": 11,
      "image_file": "frame_000011.png",